Title,Price,Link,Image,Availability,ID,Brand,Model,CPU Brand,CPU Model,CPU Cores,CPU Frequency,CPU Cache,RAM Size,RAM Type,Storage Size,Storage Type,Storage Unit,GPU Brand,GPU Model,GPU Memory,Wi-Fi,Bluetooth,Keyboard,Ports,Screen Type,Screen Size,Screen Resolution,Screen Refresh Rate
"Pc Portable Gamer Asus FA506NF-HN004, Ryzen 5, 8G, RTX 2050 - 15.6"" 144Hz","2 079,000 TND",https://www.scoopgaming.com.tn/14109-328-pc-portable-gamer-asus-fa506nf-hn004-ryzen-5-8g-rtx-2050-156-144hz.html#/7-ram-8_go,https://www.scoopgaming.com.tn/22398-home_default/pc-portable-gamer-asus-fa506nf-hn004-ryzen-5-8g-rtx-2050-156-144hz.jpg,Disponible,90NR0JE7-M00DM0,asus,tuf a15 fa506 nf hn004 ,AMD,ryzen 5 7535 hs,6,4.55,19,8,ddr5,512,ssd,gb,nvidia,rtx 2050,4,6,Unknown,clavier chiclet rétroéclairé 1 zone rgb,"connectique 3x usb 3.2 gen 1 type a, 1x usb 3.2 gen 2 type c, 1x hdmi 2.1, 1x rj45, 1x 3.5 mm combo audio.",ips,15.6,fhd,144
"Pc Portable Gamer Asus TUF FA506NC-HN006, Ryzen 5, 8Go, RTX 3050","2 289,000 TND",https://www.scoopgaming.com.tn/14118-332-pc-portable-gamer-asus-tuf-fa506nc-hn006-ryzen-5-8go-rtx-3050.html#/7-ram-8_go,https://www.scoopgaming.com.tn/22530-home_default/pc-portable-gamer-asus-tuf-fa506nc-hn006-ryzen-5-8go-rtx-3050.jpg,Disponible,90NR0JF7-M00EH0,asus,tuf a15 fa506 nc hn006 ,AMD,ryzen 5 7535 hs,6,4.55,19,8,ddr5,512,ssd,gb,nvidia,rtx 3050,4,6,5,clavier chiclet rétroéclairé 1 zone rgb,"connectique 1x rj45, 1x usb 3.2 gen2 type c support displayport , 3x usb 3.2 gen1 type a, 1x hdmi 2.1, 1x 3.5 mm combo audio.",ips,15.6,fhd,144
"Pc Portable Gamer - MSI THIN 15 B13UCX-2607XFR, I5, 8Go, RTX 2050, 15.6"" FHD","2 149,000 TND",https://www.scoopgaming.com.tn/13958-240-pc-portable-gamer-msi-thin-15-b13ucx-2607xfr-i5-8go-rtx-2050-156-fhd.html#/7-ram-8_go,https://www.scoopgaming.com.tn/21052-home_default/pc-portable-gamer-msi-thin-15-b13ucx-2607xfr-i5-8go-rtx-2050-156-fhd.jpg,Disponible,9S7-16R831-2607,msi,thin 15 b13 ucx 2607 xfr,Intel,i5 13420h,8,4.60,12,8,ddr4,512,nvme,gb,nvidia,rtx 2050,4,Unknown,Unknown,"clavier rétroéclairé bleu, wi fi 6e ax211","connectique 1 x usb 3.2 gen1 type c dp, 3 x usb 3.2 gen1 type a, sorties vidéo 1 x hdmi 4k 30 hz , 1 x usb 3.2 gen1 type c dp.",ips,15.6,fhd,144
"Pc Gamer Asus FA506NFR-HN005W, Ryzen 7, 8Go, RTX 2050 -15.6"" 144Hz","2 319,000 TND",https://www.scoopgaming.com.tn/14012-265-pc-gamer-asus-fa506nfr-hn005w-ryzen-7-8go-rtx-2050-156-144hz.html#/7-ram-8_go,https://www.scoopgaming.com.tn/21736-home_default/pc-gamer-asus-fa506nfr-hn005w-ryzen-7-8go-rtx-2050-156-144hz.jpg,Disponible,90NR0JU7-M00050,asus,tuf a15 fa506 nfr hn005w ,AMD,ryzen 7 7435 hs,8,4.55,19,8,ddr5,512,ssd,gb,nvidia,rtx 2050,4,6,5,clavier chiclet rétroéclairé 1 zone rgb,"connectique 1x rj45, 1x usb 3.2 gen2 type c support displayport , 3x usb 3.2 gen1 type a, 1x hdmi 2.1, 1x 3.5 mm combo audio.",ips,15.6,fhd,144
"Pc Portable Gamer ASUS V16 - V3607VJ-RP086, Intel core 5-210H, 8Go, RTX 3050 -16"" WUXGA 144Hz","2 499,000 TND",https://www.scoopgaming.com.tn/14077-316-pc-portable-gamer-asus-v16-v3607vj-rp086-intel-core-5-210h-8go-rtx-3050-16-wuxga-144hz.html#/7-ram-8_go,https://www.scoopgaming.com.tn/22140-home_default/pc-portable-gamer-asus-v16-v3607vj-rp086-intel-core-5-210h-8go-rtx-3050-16-wuxga-144hz.jpg,Disponible,90NB15V1-M004X0,asus,v3607,Intel,Unknown,8,4.8,12,8,ddr5,512,nvme,gb,nvidia,rtx 3050,6,Unknown,Unknown,"clavier chiclet rétroéclairé avec touche numérique, course des touches de 1,5 mm, clavier tactile de précision","connectique 1x usb3.2 gen1 type c, 2x usb3.2 gen 1 type a, 1x hdmi2.1 frl, 1x prise audio 3,5 mm, 1x entrée cc.",Unknown,16,Unknown,144
"Pc Portable Gamer MSI Thin GF63 12UCX-216XFR, I5-12ème, 8Go, RTX 2050, 15.6"" FHD 144Hz","2 499,000 TND",https://www.scoopgaming.com.tn/13556-164-pc-portable-gamer-msi-thin-gf63-12ucx-216xfr-i5-12eme-8go-rtx-2050-156-fhd-144hz.html#/7-ram-8_go,https://www.scoopgaming.com.tn/18775-home_default/pc-portable-gamer-msi-thin-gf63-12ucx-216xfr-i5-12eme-8go-rtx-2050-156-fhd-144hz.jpg,Disponible,9S7-16R821-216,msi,,Intel,i5 12450h,8,4.4,12,8,ddr4,512,nvme,gb,nvidia,rtx 2050,4,Unknown,5,clavier rétroéclairé rouge,Unknown,Unknown,15.6,fhd,144
"Pc Portable Gamer - MSI THIN 15 B13UCX-2606XFR, I7, 8Go, RTX 2050, 15.6"" FHD","2 389,000 TND",https://www.scoopgaming.com.tn/13959-244-pc-portable-gamer-msi-thin-15-b13ucx-2606xfr-i5-8go-rtx-2050-156-fhd.html#/7-ram-8_go,https://www.scoopgaming.com.tn/21057-home_default/pc-portable-gamer-msi-thin-15-b13ucx-2606xfr-i5-8go-rtx-2050-156-fhd.jpg,Disponible,9S7-16R831-2606,msi,thin 15 b13 ucx 2606 xfr,Intel,i7 13620h,8,4.90,24,8,ddr4,512,nvme,gb,nvidia,rtx 2050,4,Unknown,Unknown,"clavier rétroéclairé bleu, wi fi 6e ax211","connectique 1 x usb 3.2 gen1 type c dp, 3 x usb 3.2 gen1 type a, sorties vidéo 1 x hdmi 4k 30 hz , 1 x usb 3.2 gen1 type c dp.",ips,15.6,fhd,144
"Pc Portable Gaming DELL INSPIRON G15 I5-10é,8Go,GTX1650,Ecran 15.6""FHD","2 569,000 TND",https://www.scoopgaming.com.tn/12620-128-pc-portable-gaming-dell-inspiron-g15-i5-10e8gogtx1650ecran-156fhd.html#/7-ram-8_go,https://www.scoopgaming.com.tn/14036-home_default/pc-portable-gaming-dell-inspiron-g15-i5-10e8gogtx1650ecran-156fhd.jpg,Disponible,5510G15-I5,Unknown,Unknown,Intel,i5 10500h,6,4.5,12,8,ddr4,512,ssd,gb,nvidia,gtx1650,4,Unknown,Unknown,Unknown,Unknown,Unknown,15.6,fhd,Unknown
"Pc Portable Gamer - MSI THIN 15 B13UC-2605XFR, I5, 8Go, RTX 3050, 15.6"" FHD","2 649,000 TND",https://www.scoopgaming.com.tn/14090-324-pc-portable-gamer-msi-thin-15-b13uc-2605xfr-i5-8go-rtx-3050-156-fhd.html#/7-ram-8_go,https://www.scoopgaming.com.tn/22288-home_default/pc-portable-gamer-msi-thin-15-b13uc-2605xfr-i5-8go-rtx-3050-156-fhd.jpg,Disponible,9S7-16R831-2605,msi,thin 15 b13 uc 2605 xfr,Intel,i5 13420h,8,4.60,12,8,ddr4,512,nvme,gb,nvidia,rtx 3050,4,Unknown,Unknown,"clavier rétroéclairé bleu, wi fi 6e ax211","connectique 1 x usb 3.2 gen1 type c dp, 3 x usb 3.2 gen1 type a, sorties vidéo 1 x hdmi 4k 30 hz , 1 x usb 3.2 gen1 type c dp.",ips,15.6,fhd,144
"Pc Portable Gamer - MSI THIN 15 B13UDX-2686XFR, I5, 8Go, RTX 3050, 15.6"" FHD","2 699,000 TND",https://www.scoopgaming.com.tn/14043-281-pc-portable-gamer-msi-thin-15-b13udx-2686xfr-i5-8go-rtx-3050-156-fhd.html#/7-ram-8_go,https://www.scoopgaming.com.tn/21872-home_default/pc-portable-gamer-msi-thin-15-b13udx-2686xfr-i5-8go-rtx-3050-156-fhd.jpg,Disponible,9S7-16R831-2686,msi,thin 15 b13 udx 2686 xfr,Intel,i5 13420h,8,4.60,12,8,ddr4,512,nvme,gb,nvidia,rtx 3050,6,Unknown,Unknown,"clavier rétroéclairé bleu, wi fi 6e ax211","connectique 1 x usb 3.2 gen1 type c dp, 3 x usb 3.2 gen1 type a, sorties vidéo 1 x hdmi 4k 30 hz , 1 x usb 3.2 gen1 type c dp.",ips,15.6,fhd,144
"Pc Portable Gaming DELL INSPIRON G15 I5-11é, RTX3050, Ecran 15.6""FHD","2 785,000 TND",https://www.scoopgaming.com.tn/12621-134-pc-portable-gaming-dell-inspiron-g15-i5-11e-rtx3050-ecran-156fhd.html#/7-ram-8_go,https://www.scoopgaming.com.tn/14041-home_default/pc-portable-gaming-dell-inspiron-g15-i5-11e-rtx3050-ecran-156fhd.jpg,Disponible,5511G15-I5,Unknown,Unknown,Intel,i5 11400h,6,4.50,16,8,ddr4,512,ssd,gb,nvidia,rtx 3050,4,Unknown,Unknown,clavier rétroéclairé,Unknown,Unknown,15.6,fhd,Unknown
"Pc Portable Gamer MSI GF63 Thin 11UC-600FR, I5-11ème, 16Go, RTX 3050, 15.6"" FHD 144Hz","2 799,000 TND",https://www.scoopgaming.com.tn/13332-52-pc-portable-gamer-msi-gf63-thin-11uc-600fr-i5-11eme-16go-rtx-3050-156-fhd-144hz.html#/8-ram-16_go,https://www.scoopgaming.com.tn/17357-home_default/pc-portable-gamer-msi-gf63-thin-11uc-600fr-i5-11eme-16go-rtx-3050-156-fhd-144hz.jpg,Disponible,9S7-16R612-600,Unknown,Unknown,Intel,i5 11400h,6,Unknown,12,16,ddr4,512,nvme,gb,nvidia,rtx 3050,4,Unknown,Unknown,"clavier rétroéclairé, 15.6"" fhd 144 hz.",Unknown,Unknown,Unknown,Unknown,Unknown
"Pc Portable Gamer - MSI THIN 15 B13VE-2683XFR, I5, 16Go, RTX 4050, 15.6"" FHD","2 799,000 TND",https://www.scoopgaming.com.tn/14040-272-pc-portable-gamer-msi-thin-15-b13ve-2683xfr-i5-16go-rtx-4050-156-fhd.html#/8-ram-16_go,https://www.scoopgaming.com.tn/21856-home_default/pc-portable-gamer-msi-thin-15-b13ve-2683xfr-i5-16go-rtx-4050-156-fhd.jpg,Disponible,9S7-16R831-2683,msi,thin 15 b13 ve 2683 xfr,Intel,i5 13420h,8,4.60,12,16,ddr4,512,nvme,gb,nvidia,rtx 4050,6,Unknown,Unknown,"clavier rétroéclairé bleu, wi fi 6e ax211","connectique 1 x usb 3.2 gen1 type c dp, 3 x usb 3.2 gen1 type a, sorties vidéo 1 x hdmi 4k 30 hz , 1 x usb 3.2 gen1 type c dp.",ips,15.6,fhd,144
"Pc Portable Gamer ASUS V16 - V3607VJ-RP109, Intel core 7-240H, 8Go, RTX 3050 -16"" WUXGA 144Hz","2 869,000 TND",https://www.scoopgaming.com.tn/14076-312-pc-portable-gamer-asus-v16-v3607vj-rp109-intel-core-7-240h-8go-rtx-3050-16-wuxga-144hz.html#/7-ram-8_go,https://www.scoopgaming.com.tn/22134-home_default/pc-portable-gamer-asus-v16-v3607vj-rp109-intel-core-7-240h-8go-rtx-3050-16-wuxga-144hz.jpg,Disponible,90NB15V1-M006C0,asus,v3607,Intel,Unknown,Unknown,5.2,24,8,ddr5,512,nvme,gb,nvidia,rtx 3050,6,Unknown,Unknown,"clavier chiclet rétroéclairé avec touche numérique, course des touches de 1,5 mm, clavier tactile de précision","connectique 1x usb3.2 gen1 type c, 2x usb3.2 gen 1 type a, 1x hdmi2.1 frl, 1x prise audio 3,5 mm, 1x entrée cc.",Unknown,16,Unknown,144
"Pc Portable Gamer ASUS V16 - V3607VU-RP209, core 5 210H, 8Go, RTX 4050 -16"" WUXGA 144Hz","2 899,000 TND",https://www.scoopgaming.com.tn/14072-302-pc-portable-gamer-asus-v16-v3607vu-rp209-core-5-210h-8go-rtx-4050-16-wuxga-144hz.html#/7-ram-8_go,https://www.scoopgaming.com.tn/22105-home_default/pc-portable-gamer-asus-v16-v3607vu-rp209-core-5-210h-8go-rtx-4050-16-wuxga-144hz.jpg,Disponible,90NB15Q1-M00DY0,asus,v3607,Intel,Unknown,8,4.8,12,8,ddr5,512,nvme,gb,nvidia,rtx 4050,6,Unknown,Unknown,"clavier chiclet rétroéclairé avec touche numérique, course des touches de 1,5 mm, clavier tactile de précision","connectique 1x usb3.2 gen1 type c, 2x usb3.2 gen 1 type a, 1x hdmi2.1 frl, 1x prise audio 3,5 mm, 1x entrée cc.",Unknown,16,Unknown,144
"Pc Portable Gamer - MSI THIN 15 B13UDX-2689XFR, I7, 8Go, RTX 3050, 15.6"" FHD","2 899,000 TND",https://www.scoopgaming.com.tn/14041-277-pc-portable-gamer-msi-thin-15-b13udx-2689xfr-i7-8go-rtx-3050-156-fhd.html#/7-ram-8_go,https://www.scoopgaming.com.tn/21861-home_default/pc-portable-gamer-msi-thin-15-b13udx-2689xfr-i7-8go-rtx-3050-156-fhd.jpg,Disponible,9S7-16R831-2689,msi,thin 15 b13 udx 2689 xfr,Intel,i7 13620h,8,4.90,24,8,ddr4,512,nvme,gb,nvidia,rtx 3050,4,Unknown,Unknown,"clavier rétroéclairé bleu, wi fi 6e ax211","connectique 1 x usb 3.2 gen1 type c dp, 3 x usb 3.2 gen1 type a, sorties vidéo 1 x hdmi 4k 30 hz , 1 x usb 3.2 gen1 type c dp.",ips,15.6,fhd,144
"Pc Gamer Asus TUF707ZC4-HX112W, I5-12ème, 8Go, RTX 3050 -17.3""FHD","2 879,000 TND",https://www.scoopgaming.com.tn/13936-236-pc-gamer-asus-tuf707zc4-hx112w-i5-12eme-8go-rtx-3050-173fhd.html#/7-ram-8_go,https://www.scoopgaming.com.tn/20824-home_default/pc-gamer-asus-tuf707zc4-hx112w-i5-12eme-8go-rtx-3050-173fhd.jpg,Disponible,90NR0GX1-M00810,asus,f17 tuf707 zc4 hx112w ,Intel,i5 12500h,12,4.5,18,8,ddr4,512,ssd,gb,nvidia,rtx 3050,4,Unknown,5,"clavier chiclet rétroéclairé 1 zone rgb, 1x rj45, 1x thunderbolt 4, 1x usb 3.2 gen 2 type c, g sync, 2x usb 3.2 gen 1 type a, 1x hdmi 2.0b.","1x rj45, 1x thunderbolt 4, 1x usb 3.2 gen 2 type c, g sync, 2x usb 3.2 gen 1 type a, 1x hdmi 2.0b.",ips,17.3,fhd,144
"Pc Portable Gamer msi Thin 15 B12VE-1231XFR, i5, RTX 4050, 16Go, 15.6"" FHD 144Hz","2 959,000 TND",https://www.scoopgaming.com.tn/13932-232-pc-portable-gamer-msi-thin-15-b12ve-1231xfr-i5-rtx-4050-16go-156-fhd-144hz.html#/8-ram-16_go,https://www.scoopgaming.com.tn/20784-home_default/pc-portable-gamer-msi-thin-15-b12ve-1231xfr-i5-rtx-4050-16go-156-fhd-144hz.jpg,Disponible,9S7-16R831-1231,msi,thin 15 b12 ve 1231 xfr,Intel,i5 12450h,8,4.40,12,16,ddr4,512,nvme,gb,nvidia,rtx 4050,6,Unknown,Unknown,"clavier rétroéclairé bleu, wi fi 6e ax211","1x type c usb3.2 gen1 dp , 3x type a usb3.2 gen1, 1x hdmi 4k 30 hz , 1x entrée micro, 1x sortie casque.",ips,15.6,fhd,144
"Pc Portable Gamer - MSI THIN 15 B13VE-2604XFR, I7, 16Go, RTX 4050, 15.6"" FHD","2 999,000 TND",https://www.scoopgaming.com.tn/14089-320-pc-portable-gamer-msi-thin-15-b13ve-2604xfr-i7-16go-rtx-4050-156-fhd.html#/7-ram-8_go,https://www.scoopgaming.com.tn/22280-home_default/pc-portable-gamer-msi-thin-15-b13ve-2604xfr-i7-16go-rtx-4050-156-fhd.jpg,Disponible,9S7-16R831-2604,msi,thin 15 b13 ve 2604 xfr,Intel,i7 13620h,8,4.90,24,16,ddr4,512,nvme,gb,nvidia,rtx 4050,6,Unknown,Unknown,"clavier rétroéclairé bleu, wi fi 6e ax211","connectique 1 x usb 3.2 gen1 type c dp, 3 x usb 3.2 gen1 type a, sorties vidéo 1 x hdmi 4k 30 hz , 1 x usb 3.2 gen1 type c dp.",ips,15.6,fhd,144
"Pc Portable Gamer msi Thin 15 B12UC-1232XFR, i7-12è, RTX 3050, 16Go, 15.6"" FHD 144Hz","2 999,000 TND",https://www.scoopgaming.com.tn/13931-229-pc-portable-gamer-msi-thin-15-b12uc-i7-12e-rtx-3050-16go-156-fhd-144hz.html#/8-ram-16_go,https://www.scoopgaming.com.tn/20777-home_default/pc-portable-gamer-msi-thin-15-b12uc-i7-12e-rtx-3050-16go-156-fhd-144hz.jpg,Disponible,9S7-16R831-1232,msi,thin 15 b12 uc 1232 xfr,Intel,i7 12650h,Unknown,4.70,24,16,ddr4,512,nvme,gb,nvidia,rtx 3050,4,Unknown,Unknown,"clavier rétroéclairé bleu, wi fi 6e ax211","1x type c usb3.2 gen1 dp , 3x type a usb3.2 gen1, 1x hdmi 4k 30 hz , 1x entrée micro, 1x sortie casque.",ips,15.6,fhd,144
"PC Portable Gamer MSI Katana 15 B13VEK-1698XFR, i5-13ème, RTX 4050, 16Go, 15.6"" FHD 144hz","3 015,000 TND",https://www.scoopgaming.com.tn/13986-pc-portable-gamer-msi-katana-15-b13vek-1698xfr-i5-13eme-rtx-4050-16go-156-fhd-144hz.html,https://www.scoopgaming.com.tn/21344-home_default/pc-portable-gamer-msi-katana-15-b13vek-1698xfr-i5-13eme-rtx-4050-16go-156-fhd-144hz.jpg,Hors stock,9S7-158571-1698,msi,katana 15 b13 vek 1698 xfr,Intel,i5 13420h,8,4.6,12,16,ddr5,512,ssd,gb,nvidia,rtx 4050,6,Unknown,Unknown,"clavier 4 zone rgb, wi fi 6, 1x type c, 1x hdmi 2.1, 2x usb 3.2, 1x jack 3,5 mm femelle stéréo, 1x usb 2.0","1x type c, 1x hdmi 2.1, 2x usb 3.2, 1x jack 3,5 mm femelle stéréo, 1x usb 2.0",ips,15.6,fhd,144
"Pc Portable Gamer msi Cyborg 15 A13VE-1493XFR, i7-13ème, RTX 4050, 8Go, 15.6"" FHD","3 099,000 TND",https://www.scoopgaming.com.tn/14037-286-pc-portable-gamer-msi-cyborg-15-a13ve-1493xfr-i7-13eme-rtx-4050-8go-156-fhd.html#/7-ram-8_go,https://www.scoopgaming.com.tn/21843-home_default/pc-portable-gamer-msi-cyborg-15-a13ve-1493xfr-i7-13eme-rtx-4050-8go-156-fhd.jpg,Disponible,9S7-15K111-1493,msi,cyborg 15 a13 ve,Intel,i7 13620h,10,4.90,24,8,ddr5,512,nvme,gb,nvidia,rtx 4050,6,Unknown,Unknown,"clavier gaming à rétroéclairage bleu, wi fi 6","2x type a usb3.2 gen1, 1x type c usb3.2 gen1 displayport , 1x hdmi 2.1 4k 60 hz ",ips,15.6,fhd,144
"Pc Portable Gamer msi Katana 17 B12UDXK, i5-12ème, RTX 3050, 8Go, 17.3"" FHD 144Hz","3 099,000 TND",https://www.scoopgaming.com.tn/13830-175-pc-portable-gamer-msi-katana-17-b12udxk-i5-12eme-rtx-3050-8go-173-fhd-144hz.html#/7-ram-8_go,https://www.scoopgaming.com.tn/20210-home_default/pc-portable-gamer-msi-katana-17-b12udxk-i5-12eme-rtx-3050-8go-173-fhd-144hz.jpg,Disponible,9S7-17L541-421,msi,katana 17 b12 udxk 421 xfr,Intel,i5 12450h,8,4.40,12,Unknown,ddr5,Unknown,ssd,Unknown,nvidia,rtx 3050,Unknown,Unknown,Unknown,"clavier rgb à 4 zones, wi fi 6","1x type c usb3.2 gen1 dp , 2x type a usb3.2 gen1, 1x type a usb2.0, hdmi 2.1 8k 60 hz 4k 120 hz , rj45.",ips,17.3,fhd,144
"Pc Portable Gamer ASUS V16 - V3607VU-RP246, Intel core 7-240H, 8Go, RTX 4050 -16"" WUXGA 144Hz","3 149,000 TND",https://www.scoopgaming.com.tn/14073-305-pc-portable-gamer-asus-v16-v3607vu-rp246-intel-core-7-240h-8go-rtx-4050-16-wuxga-144hz.html#/7-ram-8_go,https://www.scoopgaming.com.tn/22112-home_default/pc-portable-gamer-asus-v16-v3607vu-rp246-intel-core-7-240h-8go-rtx-4050-16-wuxga-144hz.jpg,Disponible,90NB15Q1-M00HF0,asus,v3607,Intel,Unknown,Unknown,5.2,24,8,ddr5,512,nvme,gb,nvidia,rtx 4050,6,Unknown,Unknown,"clavier chiclet rétroéclairé avec touche numérique, course des touches de 1,5 mm, clavier tactile de précision","connectique 1x usb3.2 gen1 type c, 2x usb3.2 gen 1 type a, 1x hdmi2.1 frl, 1x prise audio 3,5 mm, 1x entrée cc.",Unknown,16,Unknown,144
"Pc Portable Gamer msi Cyborg 15 A13VF-1492XFR, i5-13ème, RTX 4060, 8Go, 15.6"" FHD","3 189,000 TND",https://www.scoopgaming.com.tn/14039-282-pc-portable-gamer-msi-cyborg-15-a13vf-1492xfr-i5-13eme-rtx-4060-8go-156-fhd.html#/7-ram-8_go,https://www.scoopgaming.com.tn/21853-home_default/pc-portable-gamer-msi-cyborg-15-a13vf-1492xfr-i5-13eme-rtx-4060-8go-156-fhd.jpg,Disponible,9S7-15K111-1492,msi,cyborg 15 a13 vf,Intel,i5 13420h,8,4.60,12,8,ddr5,512,nvme,gb,nvidia,rtx 4060,8,Unknown,Unknown,"clavier gaming à rétroéclairage bleu, wi fi 6","2x type a usb3.2 gen1, 1x type c usb3.2 gen1 displayport , 1x hdmi 2.1 4k 60 hz ",ips,15.6,fhd,144
"Pc Portable Gamer msi Cyborg 15 A13VE-681FR, i5-13ème, RTX 4050, 16Go, 15.6"" FHD","3 089,000 TND",https://www.scoopgaming.com.tn/13985-pc-portable-gamer-msi-cyborg-15-a13ve-681fr-i5-13eme-rtx-4050-16go-156-fhd.html,https://www.scoopgaming.com.tn/21318-home_default/pc-portable-gamer-msi-cyborg-15-a13ve-681fr-i5-13eme-rtx-4050-16go-156-fhd.jpg,Disponible,9S7-15K111-681,msi,cyborg 15 a13 ve,Intel,i5 13420h,8,4.60,12,16,ddr5,512,nvme,gb,nvidia,rtx 4050,6,Unknown,Unknown,"clavier gaming à rétroéclairage bleu, wi fi 6","2x type a usb3.2 gen1, 1x type c usb3.2 gen1 displayport , 1x hdmi 2.1 4k 60 hz ",ips,15.6,fhd,144
"Pc Portable Gamer GIGABYTE G5MF5, I7-13620H, 16Go, RTX 4050 -15.6"" FHD 144Hz","3 299,000 TND",https://www.scoopgaming.com.tn/13864-pc-portable-gamer-gigabyte-g5mf5-i7-13620h-16go-rtx-4050-156-fhd-144hz.html,https://www.scoopgaming.com.tn/20387-home_default/pc-portable-gamer-gigabyte-g5mf5-i7-13620h-16go-rtx-4050-156-fhd-144hz.jpg,Disponible,G5MF5-I7,gigabyte,g5 mf5,Intel,i7 13620h,10,4.9,24,16,ddr5,1,ssd,tb,nvidia,rtx 4050,6,Unknown,Unknown,"clavier 15 couleurs, 1 xusb 2.0, 1 xusb 3.2, 2 xusb 3.2 type c , 1 xmini dp, hdmi, prise audio, 1 xrj 45, 1x lecteur carte.",1x lecteur carte.,Unknown,15.6,fhd,144
"PC Portable Gamer MSI Katana 15 B13VFK-1692FR, i5-13ème, RTX 4060, 16Go, 15.6"" FHD 144hz","3 269,000 TND",https://www.scoopgaming.com.tn/13988-pc-portable-gamer-msi-katana-15-b13vfk-1692fr-i5-13eme-rtx-4060-16go-156-fhd-144hz.html,https://www.scoopgaming.com.tn/21339-home_default/pc-portable-gamer-msi-katana-15-b13vfk-1692fr-i5-13eme-rtx-4060-16go-156-fhd-144hz.jpg,Hors stock,9S7-158571-1692,msi,katana 15 b13 vfk 1692 fr,Intel,i5 13420h,8,4.6,12,16,ddr5,512,ssd,gb,nvidia,rtx 4060,8,Unknown,Unknown,"clavier 4 zone rgb, wi fi 6, 1x type c, 1x hdmi 2.1, 2x usb 3.2, 1x jack 3,5 mm femelle stéréo, 1x usb 2.0","1x type c, 1x hdmi 2.1, 2x usb 3.2, 1x jack 3,5 mm femelle stéréo, 1x usb 2.0",ips,15.6,fhd,144
"Pc Portable Gamer msi Cyborg 15 A13VF-1491XFR, i7-13ème, RTX 4060, 8Go, 15.6"" FHD","3 339,000 TND",https://www.scoopgaming.com.tn/14044-296-pc-portable-gamer-msi-cyborg-15-a13vf-1491xfr-i7-13eme-rtx-4060-8go-156-fhd.html#/7-ram-8_go,https://www.scoopgaming.com.tn/21877-home_default/pc-portable-gamer-msi-cyborg-15-a13vf-1491xfr-i7-13eme-rtx-4060-8go-156-fhd.jpg,Disponible,9S7-15K111-1491,msi,cyborg 15 a13 vf,Intel,i7 13620h,10,4.90,24,8,ddr5,512,nvme,gb,nvidia,rtx 4060,8,Unknown,Unknown,"clavier gaming à rétroéclairage bleu, wi fi 6","2x type a usb3.2 gen1, 1x type c usb3.2 gen1 displayport , 1x hdmi 2.1 4k 60 hz ",ips,15.6,fhd,144
"PC Gamer MSI Katana 17 B13UDXK-1439XFR, i7-13ème, RTX 3050, 8Go, 17.3"" FHD 144hz","3 419,000 TND",https://www.scoopgaming.com.tn/14045-300-pc-gamer-msi-katana-17-b13udxk-1439xfr-i7-13eme-rtx-3050-8go-173-fhd-144hz.html#/7-ram-8_go,https://www.scoopgaming.com.tn/21881-home_default/pc-gamer-msi-katana-17-b13udxk-1439xfr-i7-13eme-rtx-3050-8go-173-fhd-144hz.jpg,Disponible,9S7-17L541-1439,msi,katana 17 b13 udxk 1439 xfr,Intel,i7 13620h,10,4.9,24,8,ddr5,512,ssd,gb,nvidia,rtx 3050,6,Unknown,Unknown,"clavier 4 zone rgb, wi fi 6, 1x type c, 1x hdmi 2.1, 2x usb 3.2, 1x jack 3,5 mm femelle stéréo, 1x usb 2.0","1x type c, 1x hdmi 2.1, 2x usb 3.2, 1x jack 3,5 mm femelle stéréo, 1x usb 2.0",Unknown,17.3,fhd,144
"PC Portable Gamer MSI Katana GF66 12UC-052FR, i5-12ème, 8Go,RTX 3050, écran 15.6"" Full HD 144hz","3 499,000 TND",https://www.scoopgaming.com.tn/13295-48-pc-portable-gamer-msi-katana-gf66-12uc-052fr-i5-12eme-8gortx-3050-ecran-156-full-hd-144hz.html#/7-ram-8_go,https://www.scoopgaming.com.tn/17137-home_default/pc-portable-gamer-msi-katana-gf66-12uc-052fr-i5-12eme-8gortx-3050-ecran-156-full-hd-144hz.jpg,Disponible,9S7-158422-052,Unknown,Unknown,Intel,i5 12500h,Unknown,4.5,18,8,ddr4,512,ssd,gb,nvidia,rtx 3050,4,Unknown,Unknown,clavier rétroéclairé ,Unknown,Unknown,15.6,fhd,144
"Pc Portable Gamer GIGABYTE G5KF5, I7-13620H, 16Go, RTX 4060 -15.6"" FHD 144Hz","3 589,000 TND",https://www.scoopgaming.com.tn/13863-pc-portable-gamer-gigabyte-g5kf5-i7-13620h-16go-rtx-4060-156-fhd-144hz.html,https://www.scoopgaming.com.tn/20385-home_default/pc-portable-gamer-gigabyte-g5kf5-i7-13620h-16go-rtx-4060-156-fhd-144hz.jpg,Disponible,G5KF5-I7,gigabyte,g5 kf5 i7,Intel,i7 13620h,10,4.9,24,16,ddr5,1,ssd,tb,nvidia,rtx 4060,8,Unknown,Unknown,"clavier 15 couleurs, 1 xusb 2.0, 1 xusb 3.2, 2 xusb 3.2 type c , 1 xmini dp, hdmi, prise audio, 1 xrj 45, 1x lecteur carte.",1x lecteur carte.,Unknown,15.6,fhd,144
"Pc Gamer msi Cyborg 15 A1VFK-003FR, Ultra 7, 16Go, RTX 4060, 15.6"" FHD","4 069,000 TND",https://www.scoopgaming.com.tn/13992-pc-gamer-msi-cyborg-15-a1vfk-003fr-ultra-7-16go-rtx-4060-156-fhd.html,https://www.scoopgaming.com.tn/21376-home_default/pc-gamer-msi-cyborg-15-a1vfk-003fr-ultra-7-16go-rtx-4060-156-fhd.jpg,Disponible,9S7-15K211-003,msi,cyborg 15 a1 vfk,Intel,Unknown,16,4.80,24,16,ddr5,512,nvme,gb,nvidia,rtx 4060,8,Unknown,Unknown,"clavier gaming à rétroéclairage bleu, wi fi 6","2x type a usb3.2 gen1, 1x type c usb3.2 gen1 displayport , 1x hdmi 2.1 4k 60 hz ",ips,15.6,fhd,144
"Pc Portable Gamer Asus TUF A16, Ryzen 9, 16G, RX 7600S, 16"" QHD+ 240Hz","4 159,000 TND",https://www.scoopgaming.com.tn/13813-pc-portable-gamer-asus-tuf-a16-ryzen-9-16g-rx-7600s-16-qhd-240hz.html,https://www.scoopgaming.com.tn/20120-home_default/pc-portable-gamer-asus-tuf-a16-ryzen-9-16g-rx-7600s-16-qhd-240hz.jpg,Disponible,90NR0EQ2-M005J0,asus,tuf gaming a16 fa617 xs n4085w ,AMD,ryzen 9 7940 hs,8,Unknown,24,16,ddr5,Unknown,ssd,Unknown,amd,radeon rx,Unknown,Unknown,Unknown,Unknown,"connectique 2x usb a 3.2 gen 1, 1x usb c 3.2 gen 2, 1x rj45, 1x type c usb 4 support displayport , 1x hdmi 2.1 frl.",Unknown,16,hd,240
"PC Gamer MSI Katana 17 B13VFK-1043FR, i7-13ème, RTX 4060, 16Go, 17.3"" FHD 144hz","4 549,000 TND",https://www.scoopgaming.com.tn/13976-290-pc-gamer-msi-katana-17-b13vfk-1043fr-i7-13eme-rtx-4060-16go-173-fhd-144hz.html#/8-ram-16_go,https://www.scoopgaming.com.tn/21249-home_default/pc-gamer-msi-katana-17-b13vfk-1043fr-i7-13eme-rtx-4060-16go-173-fhd-144hz.jpg,Disponible,9S7-17L541-1043,msi,katana 17 b13 vfk 1043 fr,Intel,i7 13620h,10,4.9,24,16,ddr5,1,ssd,tb,nvidia,rtx 4060,8,Unknown,Unknown,"clavier 4 zone rgb, wi fi 6, 1x type c, 1x hdmi 2.1, 2x usb 3.2, 1x jack 3,5 mm femelle stéréo, 1x usb 2.0","1x type c, 1x hdmi 2.1, 2x usb 3.2, 1x jack 3,5 mm femelle stéréo, 1x usb 2.0",Unknown,17.3,fhd,144
"Pc Gamer MSI Katana 17 B13VGK, I7-13ème, RTX 4070, 16Go, écran 17.3"" FHD 144Hz","4 799,000 TND",https://www.scoopgaming.com.tn/13918-224-pc-gamer-msi-katana-17-b13vgk-i7-13eme-rtx-4070-16go-ecran-173-fhd-144hz.html#/8-ram-16_go,https://www.scoopgaming.com.tn/20697-home_default/pc-gamer-msi-katana-17-b13vgk-i7-13eme-rtx-4070-16go-ecran-173-fhd-144hz.jpg,Hors stock,9S7-17L541-1226,msi,katana 17 b13 vgk 1226 xfr,Intel,i7 13620h,Unknown,4.90,24,16,ddr5,1,nvme,tb,nvidia,rtx 4070,8,6,Unknown,clavier 4 zone rgb,"1x type c usb3.2 gen1 dp , 2x type a usb3.2 gen1, 1x type a usb2.0, 1x hdmi 2.1 8k 60 hz 4k 120 hz , 1x rj45",Unknown,17.3,fhd,144
"Pc Gamer Asus TUF A14 FA401WV-RG060W, AMD Ryzen AI 9, 16Go, 1To SSD, RTX 4060, 14""","5 889,000 TND",https://www.scoopgaming.com.tn/14026-pc-gamer-asus-tuf-a14-fa401wv-rg060w-amd-ryzen-ai-9-16go-1to-ssd-rtx-4060-14.html,https://www.scoopgaming.com.tn/21748-home_default/pc-gamer-asus-tuf-a14-fa401wv-rg060w-amd-ryzen-ai-9-16go-1to-ssd-rtx-4060-14.jpg,Disponible,90NR0J41-M005W0,asus,tuf a14 fa401 wv rg060w ,AMD,Unknown,12,5.1,36,16,ddr5,1,ssd,tb,nvidia,rtx 4060,8,Unknown,5,Unknown,5x,ips,14,Unknown,165
"Pc Portable Gamer Asus ROG Strix G16 (2024) G614JVR, I9-14ème, 32Go, RTX 4060 - 16"" QHD+","7 599,000 TND",https://www.scoopgaming.com.tn/14083-pc-portable-gamer-asus-rog-strix-g16-2024-g614jvr-i9-14eme-32go-rtx-4060-16-qhd.html,https://www.scoopgaming.com.tn/22191-home_default/pc-portable-gamer-asus-rog-strix-g16-2024-g614jvr-i9-14eme-32go-rtx-4060-16-qhd.jpg,Disponible,90NR0II5-M006U0,asus,rog strix g16 g614 jvr n4164w ,Intel,Unknown,24,5.8,36,32,ddr5,Unknown,ssd,Unknown,nvidia,rtx 4060,Unknown,Unknown,5,clavier chiclet rétroéclairé par touche rgb,2x16g ddr5 5600 so dimm,Unknown,16,hd,240
"Pc Gamer Asus ROG Strix G16 (2024) G614JIR, I9-14ème, RTX 4070 - 16"" QHD+ @240Hz","8 199,000 TND",https://www.scoopgaming.com.tn/13960-pc-gamer-asus-rog-strix-g16-2024-g614jir-i9-14eme-rtx-4070-16-qhd-240hz.html,https://www.scoopgaming.com.tn/21073-home_default/pc-gamer-asus-rog-strix-g16-2024-g614jir-i9-14eme-rtx-4070-16-qhd-240hz.jpg,Disponible,90NR0IG5-M005W0,Unknown,Unknown,Intel,Unknown,24,Unknown,36,32,ddr5,Unknown,ssd,Unknown,nvidia,rtx 4070,Unknown,Unknown,5,"clavier chiclet rétroéclairé par touche rgb, clavier numérique",Unknown,Unknown,16,hd,240
"Pc Portable Gamer Asus ROG Flow Z13 GZ302, Ryzen™ 9 AI MAX 390, 32Go - 13.4"" 180Hz, 2.5K","8 399,000 TND",https://www.scoopgaming.com.tn/14071-pc-portable-gamer-asus-rog-flow-z13-gz302-ryzen-9-ai-max-390-32go-134-180hz-25k.html,https://www.scoopgaming.com.tn/22092-home_default/pc-portable-gamer-asus-rog-flow-z13-gz302-ryzen-9-ai-max-390-32go-134-180hz-25k.jpg,Disponible,90NR0JY1-M005B0,asus,rog flow z13 gz302 ea ru009w ,AMD,Unknown,12,5.00,76,32,ddr5,Unknown,ssd,Unknown,amd,radeon graphics,Unknown,Unknown,5,"clavier chiclet rétroéclairé 1 zone rgb, connectivité 1x usb 3.2 gen 2 type a, 2x type c usb 4 support displayport power delivery , 1x lecteur de carte microsd uhs ii, 1x hdmi.","5x 8000, stockage 1 tb",Unknown,13.4,Unknown,180
"Pc Portable Gamer ASUS ROG Zephyrus G16 - GU605MV-QR299W -  I9-185H, 32Go, RTX 4060 - 16'' 2.5K","8 679,000 TND",https://www.scoopgaming.com.tn/14085-pc-portable-gamer-asus-rog-zephyrus-g16-gu605mv-qr299w-i9-185h-32go-rtx-4060-16-25k.html,https://www.scoopgaming.com.tn/22225-home_default/pc-portable-gamer-asus-rog-zephyrus-g16-gu605mv-qr299w-i9-185h-32go-rtx-4060-16-25k.jpg,Disponible,90NR0IT2-M00EU0,asus,"rog zephyrus g16 gu605 mv qr299w i9 185h 16 cores up to 5.1 ghz, 24 mb",Unknown,Unknown,Unknown,Unknown,Unknown,32,ddr5,Unknown,ssd,Unknown,Unknown,rtx 4060,8,Unknown,Unknown,clavier rétroéclairé rgb chiclet,Unknown,Unknown,16,Unknown,240
